reservation_id,probabilite_annulation,reservation_annulee
ES001382,0.1656095307241203,0
ES003089,0.18066614127532254,0
ES003952,0.1993100960934107,0
ES005083,0.11328236822800894,0
ES005856,0.18069086320759348,0
ES006860,0.11197705469580091,0
ES007898,0.305809690993378,0
ES008756,0.24291370083189046,0
ES002028,0.1442719830253067,0
ES005295,0.1593655490952481,0
ES005982,0.08268500613976663,0
ES006363,0.4534642624516663,0
ES007401,0.345162902009235,0
ES009403,0.22356826706230137,0
ES000769,0.27194997259397874,0
ES001175,0.04607722195460176,0
ES002281,0.33329418726462146,0
ES003710,0.061360644593349695,0
ES004029,0.4277506696117995,0
ES004243,0.40420585572578455,0
ES004768,0.26404119304548374,0
ES006434,0.2337480499696438,0
ES009156,0.41308432113292354,0
ES001266,0.3653431327587749,0
ES003708,0.4994401848665975,0
ES003789,0.3117133283067835,0
ES005678,0.5025131925860351,1
ES005812,0.23969522178797514,0
ES006433,0.19667322402779913,0
ES007244,0.1043357113695391,0
ES007506,0.3940992547708222,0
ES008516,0.1649278250279632,0
ES009235,0.16770922116051404,0
ES000387,0.09784177723264183,0
ES000879,0.40242281063008956,0
ES002259,0.1867712448309225,0
ES003444,0.14224049261925664,0
ES003954,0.4371240695160669,0
ES005486,0.3263029880936415,0
ES006019,0.09604177496071993,0
ES006339,0.2566203838951841,0
ES006472,0.10839058404967643,0
ES008199,0.19800992010148036,0
ES009154,0.2548898922744083,0
ES001009,0.08085878030593424,0
ES003040,0.4090517691116656,0
ES004322,0.3238934024366363,0
ES004679,0.10270821152072582,0
ES005839,0.5074680325174752,1
ES005897,0.09108991320369358,0
ES006262,0.2055975746126505,0
ES006642,0.16272701826677968,0
ES006989,0.3772269514642878,0
ES007959,0.06513070613981183,0
ES008395,0.2616669613768047,0
ES009826,0.39102518505297107,0
ES000601,0.10730495478668549,0
ES001765,0.14688608834820926,0
ES002662,0.1476712530445081,0
ES003924,0.24758776424404622,0
ES005022,0.21066160756063854,0
ES005254,0.17200209986986478,0
ES005415,0.10743067611722952,0
ES005737,0.2980280001276322,0
ES005883,0.15860504543848106,0
ES000431,0.20018766191889129,0
ES000487,0.309063502253071,0
ES003438,0.19275699422938047,0
ES004143,0.07664385495246137,0
ES004374,0.3607609871546057,0
ES004686,0.14048460705152982,0
ES005045,0.13945301230661242,0
ES007678,0.23424934970683808,0
ES007739,0.2810046811008431,0
ES008548,0.10642727181483816,0
ES009008,0.33602704488900526,0
ES000612,0.285233468102574,0
ES002194,0.268791165182369,0
ES002823,0.23435053218175883,0
ES004099,0.12788456625896777,0
ES004317,0.14216738286464586,0
ES004614,0.36341820831102545,0
ES004660,0.2146339445099007,0
ES005342,0.271931886136809,0
ES005964,0.15749656151506777,0
ES007096,0.2621917644335359,0
ES007333,0.06190155336499461,0
ES007536,0.20879439233124114,0
ES007871,0.1970776327114452,0
ES009408,0.35585052380527454,0
ES000136,0.37438712909339966,0
ES000691,0.23348749358970294,0
ES001258,0.15775030466600223,0
ES002436,0.3688290574363149,0
ES004043,0.27175051136056033,0
ES004413,0.19357091742818036,0
ES005997,0.4834832376728091,0
ES007219,0.5759766982195521,1
ES007374,0.31414828186456684,0
ES009100,0.3372564660847106,0
ES000458,0.0878320543703285,0
ES001040,0.26231631538175715,0
ES001359,0.13615000205196728,0
ES003002,0.2993599506946114,0
ES003128,0.3429588016485447,0
ES003252,0.29883649006832774,0
ES004278,0.4654834400678082,0
ES006218,0.29710680623994823,0
ES006766,0.08283529322555648,0
ES007436,0.3925334044096222,0
ES007451,0.13206442193490744,0
ES008323,0.14353960986826575,0
ES004435,0.04343864743052153,0
ES004589,0.13129680717180386,0
ES005197,0.3400075395476351,0
ES005818,0.25885498445006855,0
ES006204,0.04647776222079362,0
ES006480,0.2036544094601568,0
ES006601,0.27689990679078713,0
ES007807,0.449498694666615,0
ES009089,0.3311943227331802,0
ES009459,0.03375407405802732,0
ES001190,0.07057005498332468,0
ES002698,0.3760892854333878,0
ES003437,0.2684129680979102,0
ES004392,0.12723224481328893,0
ES006194,0.40566772100004167,0
ES006327,0.09459524634406127,0
ES006446,0.22672572945427444,0
ES006653,0.19585328869916083,0
ES006808,0.19344202554955356,0
ES007023,0.3105618710588043,0
ES007888,0.33124075160292027,0
ES009900,0.4605407688271454,0
ES000088,0.1314913910372683,0
ES000383,0.33838645454889776,0
ES000827,0.2394800069777117,0
ES001037,0.24074828273094454,0
ES002731,0.2927407891545197,0
ES003316,0.34934333405824897,0
ES004074,0.23520710808102419,0
ES004555,0.23288383210296434,0
ES004706,0.1278111648802771,0
ES005121,0.11580155708355172,0
ES006098,0.2041854220226665,0
ES008641,0.22489563336708587,0
ES009248,0.27453203564542394,0
ES003250,0.35965613439238947,0
ES003280,0.13731295945078908,0
ES003742,0.09036418220729167,0
ES004463,0.4266782213547357,0
ES006234,0.0920654834346216,0
ES006727,0.34681537217073516,0
ES006913,0.28672611631310346,0
ES008047,0.1263481484795986,0
ES008545,0.31027392631099937,0
ES008887,0.14118221904408756,0
ES009326,0.24623579432341045,0
ES001193,0.3465884962781809,0
ES003006,0.19849047497964087,0
ES003990,0.22323571702910375,0
ES005034,0.3191949375810738,0
ES005244,0.12495784256439622,0
ES005622,0.295604722437397,0
ES005814,0.292421654097457,0
ES005868,0.25826011238087293,0
ES008576,0.21539570765582855,0
ES001899,0.09513530964594483,0
ES002136,0.17754561445979414,0
ES002982,0.06556676522990544,0
ES004299,0.04243068858843356,0
ES005747,0.22624902845336267,0
ES007369,0.2878797441670032,0
ES009387,0.19470253502607424,0
ES001813,0.6964358694814887,1
ES002751,0.26045287263214806,0
ES003470,0.28645610681798267,0
ES005257,0.08632754618191556,0
ES005625,0.28850764055128486,0
ES005803,0.2623786777392224,0
ES006347,0.16308806473328433,0
ES001129,0.3687347619711904,0
ES001163,0.33873749561301375,0
ES001380,0.3422853819390399,0
ES001942,0.23082146431332318,0
ES002016,0.2492347638759381,0
ES003995,0.11734529200821037,0
ES004116,0.34933725035474683,0
ES005389,0.37658546643090024,0
ES006326,0.24603057817600626,0
ES007004,0.17698566550818318,0
ES008695,0.09286680177542185,0
ES009859,0.4093296450732575,0
ES000276,0.3025121346467308,0
ES001073,0.29261734236640596,0
ES001911,0.07287112100631063,0
ES002137,0.2830794501542116,0
ES002690,0.3735462940167175,0
ES007147,0.2653713576542723,0
ES007175,0.162326500556668,0
ES007727,0.11303848591069124,0
ES000907,0.31288505787277593,0
ES000939,0.07960207122974132,0
ES002158,0.059125061054462205,0
ES003050,0.29880576635154477,0
ES006091,0.22182999509942414,0
ES006569,0.14945927495491296,0
ES007009,0.39592690178741274,0
ES007087,0.17480522226283185,0
ES007832,0.21876568640763613,0
ES009278,0.070294694202142,0
ES009753,0.2129669491632135,0
ES003439,0.27608665762464624,0
ES004188,0.2973815637716195,0
ES008693,0.13000602296796687,0
ES000217,0.4115578028432067,0
ES001852,0.28656404062291385,0
ES001867,0.26074031286524263,0
ES001878,0.2707063204414729,0
ES003131,0.20989785455325893,0
ES003601,0.29586710771258884,0
ES005388,0.23480467586652826,0
ES009112,0.05136367822941624,0
ES009327,0.18177112698398062,0
ES000526,0.41079101490558434,0
ES000674,0.3496023484967187,0
ES000980,0.06853399277702382,0
ES001097,0.15680450756864636,0
ES004192,0.3392007591045539,0
ES005905,0.26335761082908,0
ES008711,0.1541860610251183,0
ES009493,0.26913989424153834,0
ES000747,0.1316512927882519,0
ES001308,0.33083788416591625,0
ES002078,0.19110241920238083,0
ES003917,0.22499792489431464,0
ES006088,0.18339980681883122,0
ES007130,0.12052909182697663,0
ES007842,0.24375609532283635,0
ES008474,0.12123867066323543,0
ES008795,0.15187477062464136,0
ES000182,0.2987153525772847,0
ES002343,0.2085456586290094,0
ES002861,0.3268747016642997,0
ES003262,0.16539570556404815,0
ES003541,0.15350334654567657,0
ES005841,0.13084400102628735,0
ES006595,0.08838721166373611,0
ES007005,0.3417630221203212,0
ES008794,0.21845439106570644,0
ES000334,0.062019533432440835,0
ES001075,0.20884333403291921,0
ES002043,0.21708591106588893,0
ES002067,0.15880762749043098,0
ES003166,0.39030592510876666,0
ES004875,0.10786795057867264,0
ES005180,0.16163545577059493,0
ES005616,0.4392312173759211,0
ES006340,0.3715045444409081,0
ES007284,0.3956396041840481,0
ES000418,0.2785819205324478,0
ES001197,0.1640842195740787,0
ES002847,0.3569400887239442,0
ES003067,0.2964286902304884,0
ES003283,0.30934220869961776,0
ES004543,0.37189021850973436,0
ES006048,0.19123398100082906,0
ES006508,0.41709759498124366,0
ES006920,0.09670730921114586,0
ES007170,0.20448387711260282,0
ES001313,0.08090866248613932,0
ES003422,0.4866164832869043,0
ES003662,0.2782689023980136,0
ES004016,0.18660249120052008,0
ES005949,0.24122597478939906,0
ES007421,0.35389149095532296,0
ES008623,0.39432478744351906,0
ES009079,0.4864430573215435,0
ES000553,0.3971184215579038,0
ES001664,0.12136464094757433,0
ES002809,0.08668052845850475,0
ES004264,0.2569613107929004,0
ES006714,0.2235577104960212,0
ES006769,0.3058158948489283,0
ES006856,0.5152272419312047,1
ES008664,0.1444425453599804,0
ES009295,0.18726229682931494,0
ES001230,0.27613067721460915,0
ES001498,0.1329300393726512,0
ES002898,0.38146516714611256,0
ES002986,0.15231092376887392,0
ES005328,0.32578540203455353,0
ES005934,0.4038730310921113,0
ES006016,0.2972599023311613,0
ES006276,0.6542641717663006,1
ES007671,0.1784617038546994,0
ES009178,0.23969880963707596,0
ES009949,0.33492085262520177,0
ES000772,0.32957105365723766,0
ES000785,0.14165398136997767,0
ES000921,0.12110236721235731,0
ES004851,0.47365255441781323,0
ES005466,0.31341998806240484,0
ES006441,0.14955068859035864,0
ES007151,0.26832494402101537,0
ES008273,0.3034555788207727,0
ES008630,0.3236550218055969,0
ES009360,0.5543502116263963,1
ES000801,0.060602958739656244,0
ES000986,0.33016050320245854,0
ES002228,0.39390323572694047,0
ES002322,0.2003832265858316,0
ES002930,0.3762837381006203,0
ES004568,0.04102416892028736,0
ES006260,0.09696009562761734,0
ES006330,0.08316526375047469,0
ES006983,0.19250839861292804,0
ES007329,0.3321353873705224,0
ES007734,0.16765751612743968,0
ES007946,0.3699540016420058,0
ES008591,0.08555594862628546,0
ES009206,0.12281876134775578,0
ES000982,0.3597852996458846,0
ES001659,0.1697978810069954,0
ES004196,0.09361868155943014,0
ES004295,0.2877770434754282,0
ES005281,0.23355702618362018,0
ES005325,0.1578680314108433,0
ES007379,0.0973896767425091,0
ES007480,0.3206212171783764,0
ES008346,0.06079731866253082,0
ES009382,0.27514410255610405,0
ES000144,0.18225249384845252,0
ES000411,0.19704118319132485,0
ES000815,0.15115241496076248,0
ES002469,0.13468859338020192,0
ES003122,0.3242574823049167,0
ES003335,0.1292627136435401,0
ES003451,0.10291270447742099,0
ES003860,0.24557525007995037,0
ES004122,0.48371669518980587,0
ES004708,0.23005925387399473,0
ES006963,0.3072671475801719,0
ES007020,0.0904672562550304,0
ES007430,0.38727139248994646,0
ES008237,0.272686729914412,0
ES008528,0.3353681717215212,0
ES008810,0.19549667120298717,0
ES008847,0.27653628743094405,0
ES002828,0.21788009016396445,0
ES003853,0.2470684951796541,0
ES005873,0.20876385980195264,0
ES006407,0.08306975529598033,0
ES007234,0.1376222200138036,0
ES007556,0.37641473257863595,0
ES000605,0.3411882131147087,0
ES001971,0.22235301419707948,0
ES002606,0.19264587497968386,0
ES002750,0.12990593331439218,0
ES002802,0.20599984385156556,0
ES009927,0.54337052004342,1
ES000599,0.23476557622164074,0
ES000719,0.2208702511044818,0
ES001385,0.3192676326499193,0
ES001585,0.3707444579270499,0
ES002082,0.101305870746385,0
ES004673,0.12138028853759263,0
ES005338,0.22856381685750676,0
ES006103,0.4138763951886399,0
ES006235,0.3871907569798753,0
ES009264,0.22524123407768584,0
ES000776,0.25757264732444113,0
ES000828,0.3246085670418263,0
ES002146,0.1890796057937618,0
ES003195,0.4476432595304976,0
ES003870,0.15182043813612223,0
ES004193,0.12808780404086426,0
ES004310,0.1427314941953692,0
ES004814,0.17032779907859483,0
ES005149,0.26556095879028635,0
ES006166,0.14088510204934188,0
ES007127,0.4676608625497425,0
ES008066,0.3767469804662638,0
ES008638,0.048345751673417134,0
ES009808,0.3726000430144707,0
ES000651,0.0445828654851163,0
ES000837,0.3540731856116574,0
ES002378,0.2310288087990477,0
ES008132,0.2294538961356691,0
ES009018,0.18682766809075702,0
ES009384,0.08535753720733302,0
ES009850,0.3817700257133978,0
ES001346,0.4969378593975105,0
ES002311,0.1211616733292647,0
ES002891,0.1350896971772793,0
ES004376,0.38637157368128167,0
ES005541,0.19788259485383278,0
ES006587,0.19962122544906824,0
ES007677,0.08120405000674884,0
ES008472,0.1054599783697343,0
ES008705,0.13553845399103942,0
ES000332,0.34766137271773456,0
ES001579,0.08436959482918843,0
ES004687,0.10843146106711533,0
ES005618,0.1890182958987999,0
ES005922,0.3105890693340675,0
ES006758,0.10159386344432195,0
ES009997,0.2090301127110216,0
ES000097,0.3435496543326253,0
ES000607,0.31996705344738474,0
ES000705,0.28064380004546563,0
ES003173,0.33264305501447705,0
ES007378,0.2509553365120848,0
ES008667,0.41075141615195454,0
ES000183,0.24292903251999834,0
ES000702,0.1625010793760325,0
ES001333,0.20307301789686927,0
ES002203,0.16981413938282283,0
ES002911,0.2925899396394144,0
ES006692,0.08213546072027554,0
ES006991,0.27875293399853285,0
ES007081,0.11803738954353282,0
ES008626,0.3049128725833524,0
ES000166,0.453353464350479,0
ES000862,0.24077712868410694,0
ES001886,0.24244792756101352,0
ES002064,0.31284306312062293,0
ES002765,0.1233470548598802,0
ES003785,0.09084036899493377,0
ES005117,0.15456241545112673,0
ES006069,0.10736000786464109,0
ES006191,0.25545099751898703,0
ES006725,0.09800220114314316,0
ES006890,0.0585047168452331,0
ES008060,0.25392114935938437,0
ES008167,0.12697968590882758,0
ES008803,0.24390288624452225,0
ES000340,0.24854722020253553,0
ES000532,0.054953240587434636,0
ES001024,0.5361905108753585,1
ES001976,0.21348356942213015,0
ES002955,0.1277837182065513,0
ES003815,0.240467311408513,0
ES004630,0.2247014797413553,0
ES004922,0.3352994663295786,0
ES005553,0.3211133688616931,0
ES008157,0.2910107538195244,0
ES008347,0.3972738615890676,0
ES008913,0.08616366049743937,0
ES009679,0.082795587479319,0
ES000814,0.32158137866929964,0
ES001345,0.06078934015189078,0
ES002171,0.4349982006838868,0
ES002537,0.21005311509717106,0
ES005232,0.23806929995749454,0
ES006143,0.21954759266179122,0
ES006799,0.15338469178552347,0
ES007570,0.4904814395356456,0
ES008089,0.2991390160965221,0
ES000085,0.22774462093642883,0
ES003182,0.2338357736522577,0
ES004200,0.2567688561957991,0
ES004818,0.30628719371095015,0
ES005079,0.30613104146448866,0
ES008146,0.1862305718740655,0
ES009197,0.13623776791912312,0
ES001128,0.07729459532302682,0
ES001316,0.2725230022394482,0
ES001771,0.44828945587180263,0
ES002007,0.05976158625299179,0
ES002236,0.07815947001812278,0
ES002476,0.15468966832448955,0
ES003355,0.3764080273847649,0
ES003446,0.6633525910702254,1
ES004789,0.2144901068364903,0
ES006887,0.2475993307561542,0
ES009824,0.2805756034105106,0
ES000523,0.22126420238660122,0
ES000565,0.17629641254586303,0
ES002541,0.06261346058509848,0
ES003427,0.40648954607392745,0
ES004518,0.20113598393064744,0
ES004791,0.4320679034488287,0
ES005926,0.09349072978663246,0
ES009678,0.47254033553293623,0
ES001890,0.14335820202945743,0
ES004677,0.28897288398699833,0
ES005642,0.17671200809745694,0
ES006499,0.10833480190044655,0
ES007604,0.2938393141792898,0
ES009932,0.25577942264311726,0
ES000403,0.35524076071409527,0
ES000670,0.09019951259312492,0
ES000987,0.3541762714942939,0
ES001039,0.19268533129658377,0
ES004695,0.16019498159218362,0
ES007417,0.3609006314806071,0
ES009914,0.13080909032828342,0
ES001638,0.49872749425358437,0
ES001992,0.05390752742060783,0
ES002971,0.04341437830749174,0
ES003970,0.2772410829934188,0
ES004470,0.10084777509961432,0
ES004570,0.37989111370942896,0
ES005010,0.3279779384838256,0
ES005847,0.14954998194868116,0
ES006772,0.14245688596796832,0
ES007695,0.1048716594077386,0
ES008639,0.35223573544915515,0
ES008859,0.25324643927482937,0
ES009568,0.12529058042019725,0
ES000236,0.15841657519639565,0
ES000369,0.0884836058267437,0
ES000406,0.332506581934776,0
ES000750,0.08111492443610711,0
ES000910,0.23138943603020717,0
ES004069,0.11456806649044668,0
ES005270,0.13467301853635233,0
ES006424,0.446051153007207,0
ES007083,0.2228242684200426,0
ES007696,0.09041473719728989,0
ES008063,0.23588229885609038,0
ES008255,0.09805236960292778,0
ES001549,0.4857373007399154,0
ES002263,0.09907697297261943,0
ES004039,0.13006898434507846,0
ES004212,0.2562337604644368,0
ES005649,0.21213269304867094,0
ES006012,0.24171819763577587,0
ES007055,0.06104322297648722,0
ES009948,0.40761398098956153,0
ES002623,0.39661521170102565,0
ES004872,0.10308122447397487,0
ES005782,0.06309923299769556,0
ES007014,0.2789287647177779,0
ES008294,0.07878190994470419,0
ES001217,0.32725095271667765,0
ES002517,0.30594161983896045,0
ES002567,0.2926035709841309,0
ES003746,0.27282679696580703,0
ES004624,0.12746517889794676,0
ES005560,0.2381304437225822,0
ES006638,0.4056522140513535,0
ES006719,0.16551762482818452,0
ES007722,0.06536895840312086,0
ES009040,0.11424744928901598,0
ES009732,0.3061219149015948,0
ES009986,0.2728002622727897,0
ES001387,0.31749122474872976,0
ES001605,0.08864319372995463,0
ES001983,0.21860004990921017,0
ES002917,0.1888962737505487,0
ES005380,0.29012054699065387,0
ES005406,0.23626974275436216,0
ES006937,0.20899347627995352,0
ES007370,0.35766765333112704,0
ES008202,0.2787709941264922,0
ES002222,0.03614217649983869,0
ES002241,0.47945739311370833,0
ES003900,0.19179086420135044,0
ES004149,0.05162616113138484,0
ES004724,0.28134832368417206,0
ES006111,0.32083134931079027,0
ES006291,0.2815474120360356,0
ES000139,0.1593727356568006,0
ES002692,0.1658457081495775,0
ES002991,0.12214874037233876,0
ES003152,0.05767308820781235,0
ES004424,0.2629219510444763,0
ES005518,0.25105013740736565,0
ES007245,0.06846743125972846,0
ES008193,0.41510683113528973,0
ES000220,0.4304978130593179,0
ES000224,0.4444554500555517,0
ES000701,0.4084932579218253,0
ES000965,0.32453116084927536,0
ES002010,0.1009251119561817,0
ES002791,0.7644377026684026,1
ES005386,0.38414474696172896,0
ES006003,0.16960699660079706,0
ES006053,0.289297217913252,0
ES006617,0.13704654544838032,0
ES000546,0.17010198282136152,0
ES002961,0.3239537611381643,0
ES003955,0.22134258047641792,0
ES004613,0.32290312486018136,0
ES005162,0.14560237645239885,0
ES005909,0.1518054511972157,0
ES009881,0.2707431761383359,0
ES003532,0.1835379930731175,0
ES004939,0.09673316999176264,0
ES007643,0.35714202356767716,0
ES007883,0.1140582625694961,0
ES002418,0.27673648565378633,0
ES003508,0.1421887356230073,0
ES004110,0.2004127753014746,0
ES005302,0.21922594218045693,0
ES005459,0.15486034780229094,0
ES008502,0.48702651436475913,0
ES003613,0.11228475088341315,0
ES004559,0.17394382282444773,0
ES006173,0.2657354424928535,0
ES006567,0.12984404250459525,0
ES008009,0.3311404129582654,0
ES008365,0.18286220067694692,0
ES009136,0.244959150413297,0
ES009906,0.18512590448296032,0
ES001548,0.4365295918307609,0
ES001597,0.21965292457307006,0
ES002435,0.18333383149351995,0
ES002483,0.3074463522831614,0
ES003171,0.3223692577080935,0
ES003680,0.18757312741109067,0
ES005017,0.2695829339572326,0
ES008438,0.1458028454708595,0
ES000506,0.114478112139988,0
ES002174,0.2299873255276784,0
ES004743,0.09496549571974586,0
ES008262,0.33309233261823157,0
ES008599,0.10326823401643696,0
ES008633,0.28255157522703067,0
ES009425,0.24324221431802465,0
ES000131,0.2911309104175653,0
ES003055,0.36886652601326814,0
ES005019,0.27982183430942453,0
ES005212,0.3165365021115883,0
ES006179,0.1086793706785705,0
ES006337,0.39821631075234903,0
ES006430,0.10750510298394206,0
ES006744,0.08070177599026801,0
ES008094,0.08922839737092825,0
ES008703,0.19776567880542284,0
ES008800,0.16250739910749226,0
ES000771,0.3512466051832013,0
ES003781,0.21766797587181652,0
ES004020,0.21854155134361947,0
ES004895,0.22324871899796864,0
ES005919,0.27756234399772284,0
ES006709,0.29285980453415,0
ES006768,0.28648532045325453,0
ES007327,0.3665827893000764,0
ES008995,0.043712445352845505,0
ES000564,0.04727799451453265,0
ES004369,0.3338177402165999,0
ES005645,0.09123327447853025,0
ES005774,0.18455471187175207,0
ES007340,0.47203140998052523,0
ES000632,0.1334765533935718,0
ES000841,0.47688171942819346,0
ES002858,0.3244881367177339,0
ES008488,0.08626689001622519,0
ES000433,0.17605644930152703,0
ES000544,0.09416959046980103,0
ES001740,0.0895924732383206,0
ES004248,0.3183449394281034,0
ES004632,0.5136099547497138,1
ES006742,0.26906536132204756,0
ES008654,0.4345283882691363,0
ES009770,0.35092545506271877,0
ES003029,0.4029186831162642,0
ES004716,0.24424631076085718,0
ES005114,0.04370223297446455,0
ES006037,0.330877904087098,0
ES006720,0.35802572952292405,0
ES007492,0.053818893528643545,0
ES008200,0.30638005828220666,0
ES008493,0.13263266254692688,0
ES009592,0.09728613000503536,0
ES000152,0.1967695146519234,0
ES001613,0.18042493748058155,0
ES001707,0.4152202662535305,0
ES002100,0.25836805796065826,0
ES002721,0.27667273115309243,0
ES002787,0.2364580193175914,0
ES003383,0.15266329886260754,0
ES005448,0.11743413227125048,0
ES008079,0.2038330989394601,0
ES008334,0.05436698434660633,0
ES009187,0.18991831752826727,0
ES009639,0.12129810270628438,0
ES001732,0.3337795953851729,0
ES003282,0.1840166355959138,0
ES007398,0.18302426475360006,0
ES007534,0.07371556460567927,0
ES000197,0.30434172230063916,0
ES002276,0.18180375322674572,0
ES003118,0.25141850853700304,0
ES003982,0.10087413314911274,0
ES006602,0.3573046638851757,0
ES006857,0.42044267893518306,0
ES007200,0.2648505681231374,0
ES009071,0.2048195335538059,0
ES009641,0.230202540966394,0
ES001922,0.06863003701996255,0
ES003889,0.4232741796636201,0
ES004983,0.2540065411142066,0
ES006439,0.40943381585098393,0
ES006837,0.2295903469940157,0
ES008309,0.2086346632169518,0
ES008517,0.135254775040728,0
ES001343,0.12277607395231727,0
ES002939,0.3032701436555115,0
ES003295,0.06705359204219791,0
ES003864,0.255960844562245,0
ES004504,0.12393698597996239,0
ES004981,0.09095051555198197,0
ES007122,0.20510778809305866,0
ES007375,0.21417709485101663,0
ES008471,0.05437438118343814,0
ES008700,0.06798119350159157,0
ES000167,0.2696358496881342,0
ES001408,0.3134122052245415,0
ES003113,0.2322999335179138,0
ES003969,0.05659349953941897,0
ES004585,0.2882668484976735,0
ES004888,0.2984174368370452,0
ES007058,0.23279053495794644,0
ES009212,0.1751991195900379,0
ES009373,0.10364237329402783,0
ES009539,0.3410608659177349,0
ES009704,0.20227451542182046,0
ES000378,0.19728110301175344,0
ES000609,0.21058768137532485,0
ES000920,0.3147869357124397,0
ES002454,0.15274089624236895,0
ES003097,0.07191997853091958,0
ES005028,0.20327611151952002,0
ES006710,0.0664631111007731,0
ES006921,0.11386844987684962,0
ES007851,0.06962687952169812,0
ES008374,0.2856152525521905,0
ES009842,0.09722697341777294,0
ES001376,0.21872217366601118,0
ES001956,0.2424239292970185,0
ES002054,0.291530958537197,0
ES002622,0.15894180900373578,0
ES002753,0.22990324602318263,0
ES002965,0.058996853652806686,0
ES003679,0.07333144083676586,0
ES004274,0.11599815570179904,0
ES005225,0.33575524511556465,0
ES008807,0.6124309776456368,1
ES009896,0.2887981410202866,0
ES000177,0.07392738551894935,0
ES000958,0.33365150542058036,0
ES001997,0.19606574791661818,0
ES004527,0.27037945317803447,0
ES005650,0.17853332177258074,0
ES006476,0.22605108821645145,0
ES008241,0.23354837965103212,0
ES009046,0.3779553756495042,0
ES009792,0.20274004693365635,0
ES009857,0.20259714764674117,0
ES000911,0.31394880153372456,0
ES001353,0.14992897109341416,0
ES001639,0.13321864498391026,0
ES001686,0.2622584076672698,0
ES002389,0.1028396337811858,0
ES002929,0.3182040965776585,0
ES003317,0.0947618876449517,0
ES004530,0.26612678889304425,0
ES000618,0.10196404593898242,0
ES001698,0.26288501150413385,0
ES002766,0.0980408044973828,0
ES003811,0.154727753240415,0
ES005016,0.24546567390601848,0
ES005633,0.446009125352856,0
ES006041,0.2322345652389664,0
ES006637,0.05929761301891626,0
ES006679,0.21456991597850106,0
ES006698,0.0675775421151835,0
ES007123,0.06280721533611135,0
ES007724,0.24245120297302897,0
ES008265,0.11187698465352866,0
ES008676,0.17128292954301894,0
ES000200,0.17313257695905543,0
ES002650,0.18684231391971726,0
ES004051,0.052972473880470314,0
ES004810,0.3362393860220696,0
ES004956,0.3345018978657345,0
ES005321,0.2995657765972001,0
ES006078,0.41762663312659853,0
ES007760,0.13849135380331798,0
ES008058,0.050018497934094984,0
ES009442,0.08547706746760084,0
ES000347,0.3827421329013081,0
ES002804,0.27382025521196846,0
ES003714,0.3360786261109005,0
ES005265,0.3141210855001016,0
ES006364,0.25353210841529616,0
ES008071,0.24288925075335072,0
ES008570,0.11068408813952132,0
ES008620,0.4118633543223932,0
ES008850,0.09239368992176417,0
ES000241,0.14111340859591728,0
ES001910,0.21057712633670433,0
ES003858,0.05367223859309681,0
ES005001,0.13740301008657324,0
ES005245,0.13024953951012572,0
ES008254,0.3753303398692344,0
ES008690,0.0995579659172378,0
ES009272,0.7340538423029316,1
ES009413,0.11963543515425024,0
ES003491,0.2966745577890042,0
ES003659,0.16734208451425633,0
ES004130,0.042897289556335254,0
ES004575,0.39572437365922847,0
ES005775,0.3862763931099188,0
ES005940,0.20345344397120094,0
ES007930,0.32000094686586195,0
ES008739,0.2739049364652288,0
ES009757,0.303139577788898,0
ES000516,0.07537906150468433,0
ES000850,0.14548948709942924,0
ES001394,0.20120238800540735,0
ES002099,0.10332722240970503,0
ES005395,0.3065199407149714,0
ES006466,0.4599322517406094,0
ES007503,0.18296942145115727,0
ES000338,0.1324075191320537,0
ES000596,0.21064679209357207,0
ES000704,0.24618427521917538,0
ES001025,0.16034682744317422,0
ES001127,0.3419652069524716,0
ES001338,0.10249884183958356,0
ES003196,0.20433068158752019,0
ES003429,0.2803007273184873,0
ES003941,0.2653244753677309,0
ES006656,0.3401057475876108,0
ES007207,0.13147039986924353,0
ES008109,0.21183139047676258,0
ES008439,0.24706696088845365,0
ES008938,0.13327361677963356,0
ES009106,0.20385270380141873,0
ES009550,0.25862727800087215,0
ES001239,0.026691952983345542,0
ES001533,0.16581195727822415,0
ES001799,0.5697371225161424,1
ES002233,0.09096596371123952,0
ES004211,0.334261255975162,0
ES004929,0.0962318782332462,0
ES005544,0.406316225332207,0
ES008076,0.35797167516377426,0
ES008340,0.22185296307848548,0
ES008396,0.40389232216002635,0
ES008504,0.23896131983888325,0
ES008602,0.17630969652710918,0
ES008706,0.10543030833934162,0
ES009632,0.11931397205510172,0
ES000593,0.49058982587732086,0
ES000779,0.08222821758961053,0
ES000909,0.23782879352215994,0
ES001105,0.0890965954736717,0
ES001530,0.42543599784303965,0
ES002380,0.25698367033891795,0
ES003453,0.07583338078083689,0
ES004025,0.11729234966836832,0
ES004190,0.24199274588767877,0
ES004853,0.07452970045041266,0
ES007706,0.10896391759752272,0
ES008090,0.0708084297111333,0
ES009581,0.25426508258398633,0
ES000650,0.2168127361440561,0
ES001393,0.1338208544613775,0
ES003703,0.5560484496025592,1
ES007750,0.20564160349044858,0
ES001281,0.05592932392636693,0
ES003243,0.3917244723875223,0
ES003715,0.08931116760399285,0
ES004988,0.2820258361092317,0
ES006851,0.29128170866477754,0
ES008242,0.2022946891722209,0
ES008274,0.051082301641738166,0
ES000052,0.08861175253120296,0
ES000729,0.1310854878606453,0
ES001149,0.16999527981431709,0
ES002114,0.20169505474753568,0
ES002465,0.18269764196433755,0
ES003156,0.3480939350280174,0
ES003652,0.06235764359454031,0
ES003908,0.23995420235422713,0
ES006090,0.12793134613763427,0
ES006368,0.19727369325313066,0
ES008969,0.12487382239296334,0
ES009216,0.26161910505700986,0
ES000507,0.4186200626261909,0
ES002617,0.13339821246399436,0
ES002697,0.0594643443654587,0
ES002842,0.08105961190046906,0
ES003390,0.28818148485690576,0
ES004298,0.11031473216060832,0
ES005682,0.21340571789129292,0
ES006018,0.36330844674213747,0
ES007422,0.3585688640275094,0
ES001135,0.3333956021313694,0
ES002795,0.11275766836478414,0
ES003654,0.07651869394008598,0
ES005247,0.30837501344961343,0
ES005481,0.0638034098836344,0
ES006068,0.12971643002519098,0
ES006310,0.0635470279482193,0
ES009198,0.33134755287623796,0
ES009222,0.3121683220075276,0
ES000408,0.0885407402450722,0
ES002915,0.4110391653498114,0
ES006107,0.39780210654350895,0
ES006367,0.17631466507166002,0
ES006473,0.37279501946682964,0
ES006910,0.2785073704500197,0
ES006973,0.1644473542890434,0
ES000032,0.4555797970277059,0
ES000115,0.43637576234233694,0
ES000567,0.0973331779303244,0
ES001603,0.4130619826926055,0
ES001734,0.4617158284736621,0
ES001881,0.40830188650022237,0
ES005029,0.048412767768835394,0
ES006931,0.3380301022591836,0
ES006988,0.13402783330706267,0
ES007396,0.15183382042140947,0
ES007720,0.37826092543807344,0
ES008760,0.30491680846524655,0
ES009013,0.10502236294635976,0
ES000293,0.04934913479249665,0
ES000447,0.5290346844876381,1
ES001114,0.4133669097511484,0
ES001305,0.33466020697053955,0
ES003299,0.13038172606863557,0
ES004868,0.2636230769421977,0
ES005092,0.06002013501638347,0
ES006771,0.2820187667217089,0
ES007434,0.21813111551604647,0
ES008002,0.4291390489815011,0
ES008099,0.10294123628736022,0
ES008797,0.3101808084555413,0
ES000663,0.10496118425523979,0
ES000668,0.10126553428755701,0
ES001558,0.2594027448079217,0
ES001588,0.23378729776485793,0
ES001909,0.19116093863437525,0
ES003553,0.09841316784471697,0
ES003755,0.28774304684968177,0
ES003762,0.3700727932555936,0
ES005267,0.08812321560044524,0
ES005598,0.2999672229626815,0
ES007173,0.2417607021116012,0
ES008979,0.20559306739423505,0
ES009749,0.17202489576116634,0
ES009785,0.21882933157776044,0
ES004646,0.16371157418656868,0
ES005899,0.3676868515004666,0
ES006205,0.1698012412855311,0
ES007306,0.07288954520691886,0
ES001722,0.24320556850422567,0
ES001767,0.334355735451737,0
ES002085,0.052023752254073484,0
ES002611,0.4898604899943884,0
ES003465,0.21858588067546753,0
ES003842,0.15714579200189707,0
ES004634,0.040451626100963305,0
ES004801,0.28956216451526046,0
ES005595,0.3350632200397536,0
ES005837,0.07735739509464716,0
ES007412,0.048364152302493246,0
ES009485,0.21667103652898317,0
ES009980,0.18200394456605512,0
ES004066,0.314764375899326,0
ES005620,0.30988916459654786,0
ES006621,0.35447876940575446,0
ES000371,0.0881665482292192,0
ES001134,0.20152060753462284,0
ES005363,0.2728239223246629,0
ES009245,0.09751946080010769,0
ES000385,0.08934118075752327,0
ES001414,0.08166259872107959,0
ES001494,0.3784217217247793,0
ES001982,0.5618029109740265,1
ES004701,0.19293350208484147,0
ES007972,0.3214195747130857,0
ES008749,0.2827988952956363,0
ES000877,0.1075935104928687,0
ES001082,0.28687706417284065,0
ES002217,0.21115718119844948,0
ES004389,0.04161738027384286,0
ES004997,0.1632546064293453,0
ES007090,0.09897030762885117,0
ES007159,0.08376350178622316,0
ES007597,0.310435339302049,0
ES008183,0.4642854164032676,0
ES008990,0.27225750278920685,0
ES002660,0.5251905570892141,1
ES006031,0.13732818769450114,0
ES007322,0.5642048444595751,1
ES007738,0.19549286148911638,0
ES008192,0.24962859027773876,0
ES008811,0.12237499390657774,0
ES000575,0.08183628898754172,0
ES001309,0.29740061183518013,0
ES003205,0.3433301784203895,0
ES003370,0.18437677667781194,0
ES005931,0.2989105434944704,0
ES006847,0.23861077282544887,0
ES007852,0.4229180976317251,0
ES007951,0.42581762454644717,0
ES008713,0.03846919370246359,0
ES009975,0.32588674967818776,0
ES001231,0.19676256502717296,0
ES002312,0.29768014665579245,0
ES003646,0.11586831756615262,0
ES005603,0.10582758185267926,0
ES007247,0.14152136086842146,0
ES008624,0.2653991499061068,0
ES009773,0.4365492443445768,0
ES002195,0.32531754861100964,0
ES006354,0.051487279437348384,0
ES006895,0.24284759856360774,0
ES007428,0.2893411316193695,0
ES008081,0.20214113235689143,0
ES008793,0.2682299677614902,0
ES009275,0.12290698726430223,0
ES009593,0.12505385013123885,0
ES009665,0.30691614231020187,0
ES001275,0.13880360853400583,0
ES003938,0.4046755151266542,0
ES003958,0.10606549548596027,0
ES004276,0.1667923235935036,0
ES009217,0.11049248735220257,0
ES009322,0.19945076775869347,0
ES000002,0.15894633938367578,0
ES000049,0.2457683563254671,0
ES000493,0.10069564133086585,0
ES004998,0.2922146809143848,0
ES006871,0.08577036851838861,0
ES007213,0.07164813292281194,0
ES007956,0.11183423239635887,0
ES008916,0.05065182743487772,0
ES009283,0.04698920779796566,0
ES000016,0.2427696201648229,0
ES001772,0.06647327019003,0
ES001824,0.20664821963441155,0
ES001847,0.09879717931017054,0
ES001853,0.15641816371776998,0
ES002057,0.20023116098187385,0
ES002860,0.07711156614737444,0
ES003494,0.1191212111931507,0
ES007258,0.35204504137703396,0
ES007752,0.22988149454184173,0
ES008964,0.2517078043367676,0
ES000817,0.2143323211664313,0
ES001559,0.35800677825512633,0
ES001593,0.27134755163963076,0
ES003481,0.4053268468198945,0
ES005821,0.10145449170250553,0
ES005849,0.3399640657302389,0
ES007514,0.323754426763788,0
ES008836,0.3173221175108546,0
ES009971,0.17903832831917782,0
ES001124,0.23715041849243643,0
ES002089,0.21614214428359518,0
ES002488,0.07264110805762244,0
ES004843,0.33764883415797614,0
ES005654,0.09942275042509761,0
ES008304,0.3791366368230342,0
ES009291,0.08433467678461677,0
ES009538,0.34175289720154933,0
ES000089,0.3032741532092877,0
ES000835,0.05549616153833167,0
ES003302,0.1299389470414447,0
ES007134,0.04667510928391259,0
ES000365,0.28555369663276936,0
ES002670,0.24499035793387364,0
ES002688,0.08593776059324611,0
ES004014,0.20826211042398715,0
ES004891,0.08429219984998718,0
ES005369,0.14117503783276636,0
ES005906,0.055804156236078525,0
ES006505,0.175025199807447,0
ES006615,0.3584595659221377,0
ES007140,0.11245946761452207,0
ES009302,0.35145571478169707,0
ES000693,0.042633908492673976,0
ES000800,0.5905283508099282,1
ES001377,0.354026638633761,0
ES001988,0.09592805525253446,0
ES002018,0.11836225972083096,0
ES002216,0.10336467454052214,0
ES003766,0.1251244106311414,0
ES003947,0.10036162996223869,0
ES006623,0.11876570419366828,0
ES007277,0.3449072984149751,0
ES009899,0.08861298011548784,0
ES002280,0.04879541723270943,0
ES002973,0.2582452710061554,0
ES005048,0.2610849646532298,0
ES005750,0.24537131199889056,0
ES005760,0.21301106446031526,0
ES007690,0.24038592668748007,0
ES009309,0.31531098250493517,0
ES009491,0.3165426445479157,0
ES001297,0.07774135113919191,0
ES003268,0.3975972130093257,0
ES004698,0.3307643701907241,0
ES006592,0.28167764825381214,0
ES006607,0.2555944726423565,0
ES008712,0.45280565501970305,0
ES000664,0.17818950673717582,0
ES001303,0.05554334737979836,0
ES003279,0.07747023931804149,0
ES003458,0.35592265343841234,0
ES003996,0.1590674837473102,0
ES005653,0.22467422586179586,0
ES006054,0.08429487385737358,0
ES006406,0.20441689612896696,0
ES006491,0.24680455089495748,0
ES006901,0.10833091825627073,0
ES008140,0.2952720866287111,0
ES008259,0.05896722955829289,0
ES008356,0.06173486775529334,0
ES008552,0.22132867012681148,0
ES008898,0.3337183889282859,0
ES009744,0.09298029583815101,0
ES001288,0.11521612754850193,0
ES002366,0.23894202221072375,0
ES002615,0.11627624357544572,0
ES004494,0.26602750121395924,0
ES004773,0.391721580419308,0
ES005070,0.39561744896089607,0
ES006527,0.21130833482088124,0
ES008185,0.40131510139080784,0
ES009462,0.26068255469166446,0
ES009606,0.10100265880284302,0
ES009766,0.12832105166054839,0
ES000382,0.24950090601776803,0
ES000620,0.18954716592154183,0
ES000978,0.04189656256077947,0
ES002061,0.1791845501613905,0
ES002302,0.25020106454502905,0
ES003529,0.30377079751380837,0
ES003782,0.41661832750574784,0
ES004141,0.1486243266130332,0
ES004641,0.3919988223293889,0
ES005286,0.2765191753808355,0
ES006105,0.3657957262529565,0
ES006335,0.13603517443393257,0
ES006438,0.09867454596831399,0
ES006811,0.21619037946525674,0
ES007861,0.44981644333222004,0
ES009038,0.22628347121052897,0
ES000869,0.44594820294666765,0
ES002371,0.2821756208328664,0
ES004889,0.29635124207834296,0
ES005052,0.3598239368985656,0
ES006102,0.24988581849741212,0
ES006350,0.36163923270580595,0
ES000401,0.06916204429343237,0
ES001537,0.3111378658853602,0
ES006923,0.32350162466776783,0
ES007164,0.1655227813260949,0
ES000514,0.13564981574499152,0
ES001880,0.2392007347866624,0
ES004084,0.40310526832158,0
ES004107,0.2140593385350466,0
ES004284,0.2157648578134264,0
ES007669,0.20891700452967435,0
ES008091,0.06866254852867885,0
ES008788,0.33865147623898567,0
ES002640,0.28163398658509486,0
ES002798,0.29253081239423734,0
ES002808,0.2732423005356455,0
ES003219,0.1761947778846678,0
ES004179,0.0694448839941286,0
ES004403,0.4260333576369099,0
ES004848,0.49379070044042567,0
ES005347,0.21745931635074978,0
ES005468,0.5116120147263754,1
ES006521,0.34238581409118596,0
ES006534,0.2514586914833155,0
ES007226,0.2662100457157273,0
ES008026,0.05546942745615624,0
ES008440,0.22459772145637702,0
ES001020,0.1369101480551928,0
ES001354,0.3399754908619812,0
ES001655,0.10628309045118083,0
ES001682,0.07979114537129761,0
ES003712,0.29844239617535345,0
ES004631,0.3912946058177026,0
ES005593,0.0892237153609974,0
ES006733,0.2927762726153459,0
ES008341,0.20133095621135896,0
ES008692,0.23978715185928282,0
ES008752,0.38217755069482884,0
ES008932,0.23216906035759355,0
ES000058,0.3734458507491575,0
ES000839,0.217367391916361,0
ES000918,0.08830606035997243,0
ES002365,0.19800654971445072,0
ES002663,0.07268802943151792,0
ES003840,0.18200942112203233,0
ES004581,0.15646930915374432,0
ES006417,0.03303901239556146,0
ES007161,0.16385259787608156,0
ES008663,0.11591213961156108,0
ES000068,0.12513286262423284,0
ES000919,0.22628278989714273,0
ES001201,0.196795289448021,0
ES001778,0.36615497446046724,0
ES003642,0.05039995472410165,0
ES005096,0.32884573778459564,0
ES007047,0.14529246018190517,0
ES001685,0.3331570751782674,0
ES002049,0.04195221359397216,0
ES003632,0.030200875453870395,0
ES004588,0.2727066915823966,0
ES006792,0.08965373070422121,0
ES007765,0.14103463926966567,0
ES007829,0.10391843625004249,0
ES009139,0.24412404526959885,0
ES002021,0.11728386793800229,0
ES002340,0.19264611701117715,0
ES002500,0.17707716612083704,0
ES003227,0.1263330389408181,0
ES004869,0.3498318579919592,0
ES006804,0.11580627409869047,0
ES007948,0.48324494583644834,0
ES008780,0.07653336028177939,0
ES009258,0.2665941892011086,0
ES001182,0.10751087485247812,0
ES005731,0.10136045871055487,0
ES005780,0.040213699085235824,0
ES006636,0.46796386645824506,0
ES006957,0.2073880750318419,0
ES007590,0.27636905764784975,0
ES007935,0.3256567276379384,0
ES009057,0.08205090209626553,0
ES001050,0.17876384026617015,0
ES002505,0.20897577883406573,0
ES004419,0.28364447612549354,0
ES005285,0.11499486318769853,0
ES005846,0.08990316200302206,0
ES007523,0.3453614372519277,0
ES007936,0.2138431321778642,0
ES008459,0.29542905656699664,0
ES008482,0.3536276944321119,0
ES009440,0.21374661133939696,0
ES002242,0.27863415582222245,0
ES002600,0.3519790111679736,0
ES003594,0.14504761207545908,0
ES003828,0.4658909669827169,0
ES005233,0.03484513253774997,0
ES007567,0.2468962739902152,0
ES009240,0.2967492483668484,0
ES009667,0.2562512873010256,0
ES000439,0.21828057191523598,0
ES002581,0.07532509641067608,0
ES002590,0.2172952671345044,0
ES003672,0.24168085875476672,0
ES005012,0.11245038499536514,0
ES007168,0.1746336078164279,0
ES007615,0.3415598553408676,0
ES008779,0.3738681591917633,0
ES008865,0.056231026744713995,0
ES000539,0.17727762791981191,0
ES002587,0.06419869205902148,0
ES002848,0.06554300169759156,0
ES003616,0.09496278618943889,0
ES004323,0.3620401652058869,0
ES004877,0.06899261266253684,0
ES005038,0.12508754487621115,0
ES005460,0.21865617957509184,0
ES007689,0.5532045471720236,1
ES009225,0.38530047354131985,0
ES000352,0.11521150618769396,0
ES000845,0.645691922734182,1
ES002255,0.4718094037727803,0
ES003117,0.0751947635492538,0
ES003134,0.23110359154436608,0
ES003359,0.48454393949753244,0
ES006419,0.08275105905502549,0
ES008389,0.14491718549193672,0
ES000119,0.089351411832287,0
ES000865,0.3292558904613204,0
ES001184,0.18026912608579207,0
ES001743,0.24595689600512366,0
ES002855,0.23019059486264526,0
ES003352,0.3472750417976942,0
ES003678,0.1325582941399176,0
ES005371,0.3203308813267612,0
ES008452,0.151042588754674,0
ES009580,0.461559544959965,0
ES009911,0.09592188018087168,0
ES000123,0.3091163965498629,0
ES000844,0.12457660925664941,0
ES001095,0.30030681248770796,0
ES002950,0.32643585741163766,0
ES003011,0.2171242019991593,0
ES003259,0.3352040671617341,0
ES004615,0.19950389303329977,0
ES006672,0.30905563770279776,0
ES007113,0.18893222476081817,0
ES007146,0.1840467307210362,0
ES000440,0.3418122244833892,0
ES002096,0.385690500179055,0
ES002594,0.09699318351818179,0
ES002962,0.18303190121225987,0
ES003953,0.17712768962216063,0
ES005242,0.5106559404261684,1
ES007391,0.19288337254025256,0
ES009472,0.23154521692857674,0
ES009582,0.247207584630271,0
ES009750,0.3036214933912812,0
ES002686,0.7704481205183813,1
ES002831,0.102215603981597,0
ES003743,0.29582010314786816,0
ES003901,0.14187962154044648,0
ES003994,0.13497070199075797,0
ES004231,0.2942826132683602,0
ES004326,0.09477559172874621,0
ES004950,0.27475778039197674,0
ES005055,0.3454838434110298,0
ES005091,0.18794796177384754,0
ES005160,0.2780679719462333,0
ES005986,0.3208877117791672,0
ES008289,0.31537559024838246,0
ES008863,0.08105999515495024,0
ES009936,0.3639031562818104,0
ES000180,0.26155868249661335,0
ES000354,0.3716291533989017,0
ES001381,0.4007842126996427,0
ES002792,0.09347650560308274,0
ES004044,0.3822940350858552,0
ES006300,0.22984313111183863,0
ES006451,0.19679678141390541,0
ES007410,0.15409513577873563,0
ES008129,0.4350480240386365,0
ES008808,0.17905484591316373,0
ES009675,0.2558644697520895,0
ES000008,0.16546684917903762,0
ES000264,0.11521202706684683,0
ES000479,0.1953306360332069,0
ES001841,0.18417221337125836,0
ES002908,0.2890001255975016,0
ES003492,0.13990483235413265,0
ES004176,0.4711228280840673,0
ES004429,0.2752891868926245,0
ES004442,0.34541994781428587,0
ES007293,0.24826261059477975,0
ES007404,0.23352276811013348,0
ES007496,0.15481134446822278,0
ES008010,0.16064047322138855,0
ES008986,0.2662521297582798,0
ES000469,0.025109462101054178,0
ES001937,0.2965721308643487,0
ES002017,0.328481468492319,0
ES002321,0.17407384667742837,0
ES003254,0.31985107112122246,0
ES003891,0.2596665185567176,0
ES005561,0.28728888780599354,0
ES006885,0.168420366806446,0
ES007124,0.21121311255779066,0
ES007316,0.07542501612351371,0
ES007540,0.24464374435953204,0
ES008056,0.23510171524264956,0
ES008559,0.07230372796026895,0
ES001965,0.13100722727810227,0
ES003080,0.035809134169644846,0
ES004549,0.1338540002359206,0
ES006586,0.07854250088292407,0
ES008508,0.3597647197253485,0
ES001410,0.16823572130714157,0
ES003976,0.15073860689295085,0
ES006877,0.161545223326197,0
ES007402,0.35399513406606226,0
ES007501,0.11360923712686048,0
ES008679,0.11090514026099811,0
ES009801,0.37231771322469914,0
ES000055,0.24032538320297067,0
ES000130,0.1654127558313482,0
ES000333,0.2885994391089056,0
ES000451,0.07510439574318803,0
ES000711,0.12445221800079433,0
ES001311,0.12646718365855875,0
ES001634,0.428677107777877,0
ES002720,0.4501839765607632,0
ES002818,0.3760730140488184,0
ES003044,0.2523735917165817,0
ES004931,0.24707883944096218,0
ES005135,0.319062271576918,0
ES005810,0.2704461523727713,0
ES009738,0.2702787907072709,0
ES001077,0.09164201769629722,0
ES001179,0.3392065515238136,0
ES001388,0.601577768064191,1
ES001551,0.23830925341814488,0
ES002388,0.39628326599728336,0
ES004972,0.2586143495021312,0
ES006745,0.3445353928583317,0
ES000766,0.3873670216671683,0
ES003063,0.09058031335582249,0
ES003596,0.1480983106651953,0
ES004267,0.24623907772635004,0
ES005566,0.1351464305537457,0
ES006500,0.1787493817367148,0
ES007414,0.22604296735773072,0
ES009567,0.08281402367164775,0
ES000893,0.12193390042903426,0
ES001270,0.2285707744147045,0
ES002538,0.3414879234323763,0
ES004683,0.11223345839161408,0
ES004689,0.26723732879731993,0
ES005509,0.20147817557955322,0
ES006961,0.23219688547288314,0
ES008729,0.2874568556929738,0
ES000736,0.2291382551932318,0
ES001411,0.06525764759971847,0
ES002181,0.24428173398666103,0
ES003424,0.22688216679100787,0
ES004942,0.06427470609474642,0
ES005164,0.22872871464388053,0
ES005361,0.3604072345763328,0
ES006918,0.2449693778164219,0
ES009712,0.10819702253960993,0
ES000591,0.2905827930242167,0
ES001103,0.5345105001983402,1
ES002552,0.37249780262941057,0
ES002659,0.6948726268307482,1
ES002733,0.04630417978477024,0
ES004842,0.20073447465041738,0
ES005507,0.19824609154782383,0
ES006154,0.21494583381734492,0
ES006250,0.43621726906052993,0
ES009478,0.06885603021813787,0
ES009553,0.2473301077543941,0
ES000278,0.17350813383737837,0
ES000414,0.22746351529653794,0
ES003737,0.12846648241874636,0
ES006118,0.12296299390541095,0
ES007216,0.35676459976377556,0
ES007628,0.18707466419218455,0
ES008275,0.3667456901042164,0
ES008819,0.17126442659424546,0
ES000929,0.1951630199689694,0
ES001507,0.2109993090265691,0
ES001775,0.279162549093408,0
ES002159,0.11550301868649947,0
ES002376,0.07586333156287918,0
ES002628,0.24152535580983275,0
ES002754,0.23075960533931897,0
ES005147,0.040678813978047554,0
ES006609,0.14975134466165396,0
ES006693,0.20097446811884842,0
ES007048,0.2970920255656707,0
ES007098,0.4465900633067269,0
ES007261,0.39674220468688104,0
ES007411,0.08557505816816491,0
ES008230,0.27877354926864767,0
ES009717,0.04764114809767634,0
ES000724,0.0666866417195122,0
ES001326,0.19184139119123786,0
ES001730,0.19232784382245183,0
ES002634,0.22189732438804227,0
ES002827,0.12271907903990129,0
ES003455,0.6057084071067267,1
ES004833,0.04784449047596891,0
ES005115,0.2842718293708671,0
ES005944,0.21560144626072297,0
ES006202,0.23650368051958756,0
ES006721,0.18102941561981048,0
ES007250,0.2391035259154528,0
ES007707,0.17171699958148662,0
ES009377,0.21524578092546243,0
ES009597,0.1632543345542404,0
ES009651,0.036590571345802084,0
ES002446,0.17914977525381462,0
ES003934,0.5067941742613532,1
ES004140,0.4300055501014011,0
ES005236,0.04523926817956884,0
ES007483,0.10670811491142815,0
ES009445,0.5211409556215648,1
ES000287,0.6365927120311679,1
ES000716,0.38089646054192666,0
ES002013,0.1661528187817487,0
ES003149,0.04847780179635045,0
ES003663,0.16620954861344886,0
ES006355,0.03881760077318596,0
ES007163,0.07172611766585221,0
ES008078,0.18056929472423316,0
ES008635,0.22520446432541896,0
ES008715,0.21820894822516723,0
ES000432,0.26737988165214965,0
ES002944,0.11982089675472411,0
ES003590,0.5967355778715788,1
ES000324,0.06195585457632283,0
ES003142,0.16355424729575785,0
ES004951,0.15778369324738598,0
ES005315,0.3281821990309408,0
ES007070,0.2237471431851576,0
ES007109,0.30095303551426456,0
ES007650,0.05622083836007631,0
ES000093,0.3661379054953255,0
ES000836,0.11892122275935821,0
ES001916,0.13912372207660947,0
ES003147,0.34472591259083984,0
ES003977,0.19320064912804005,0
ES004358,0.062109624461881244,0
ES005788,0.2293198882220508,0
ES006376,0.312254191395845,0
ES006894,0.1934201535643823,0
ES007063,0.1498579709294193,0
ES008503,0.15583280012504402,0
ES008855,0.22253829267433142,0
ES001321,0.32389756772688527,0
ES002629,0.4262690486511832,0
ES002989,0.3264606041736459,0
ES004482,0.05100991599669575,0
ES005125,0.30875131738827843,0
ES008031,0.1261988942362801,0
ES009904,0.3501437635626778,0
ES000044,0.5088633493241569,1
ES006619,0.19029396576457733,0
ES007785,0.14575420558920316,0
ES009409,0.4501304045098548,0
ES000680,0.2005502427803771,0
ES003874,0.22271715873258321,0
ES004328,0.06398947001151982,0
ES004438,0.34834247004788976,0
ES004746,0.22495352017138634,0
ES005047,0.2707318329335437,0
ES005109,0.3842312194432741,0
ES001080,0.49029591555470214,0
ES002873,0.5528064729075206,1
ES003629,0.11382065035108134,0
ES006240,0.10689358322942949,0
ES006797,0.3093884355542714,0
ES007873,0.12509209073188582,0
ES009209,0.2850774681639657,0
ES009468,0.2139795592703471,0
ES000456,0.07382679986498265,0
ES002741,0.2504691725199647,0
ES003661,0.12349748685075003,0
ES005139,0.10956700772705318,0
ES008203,0.27418150697936683,0
ES002330,0.15318664163409823,0
ES002460,0.3443929615303948,0
ES002695,0.16710952005594817,0
ES003292,0.2587557231361802,0
ES005355,0.22820584601905844,0
ES005712,0.08651214884101235,0
ES006209,0.3450900238726418,0
ES007252,0.037565905331238256,0
ES009813,0.4336351835224115,0
ES001133,0.16493134917799473,0
ES001347,0.31783113387612316,0
ES005086,0.3322308822785592,0
ES006965,0.13977705836993695,0
ES007822,0.28751767295719777,0
ES009437,0.13508727161368192,0
ES001256,0.40515699077299255,0
ES001774,0.24037127801519048,0
ES002132,0.09496831188124316,0
ES002370,0.05324230444617548,0
ES003859,0.20829898905937191,0
ES004525,0.2737156160674959,0
ES004645,0.09344682664039945,0
ES005608,0.03374502353105737,0
ES005805,0.33581102738207996,0
ES006332,0.3905958930288007,0
ES006537,0.4046777043532815,0
ES000558,0.44388949993280064,0
ES000872,0.32581951837547546,0
ES001115,0.2720605211125108,0
ES002582,0.08611194037359295,0
ES002743,0.2630272436235911,0
ES007171,0.12148606499738364,0
ES007262,0.15253060827518225,0
ES007377,0.15150891093865917,0
ES008778,0.3000384026369439,0
ES000082,0.2555409755576116,0
ES000830,0.1547991439693862,0
ES001334,0.23110738728502472,0
ES001719,0.22899300398097905,0
ES002516,0.14002389299400092,0
ES003765,0.20004434457199657,0
ES005577,0.10997194675574838,0
ES005971,0.39114690229529475,0
ES006735,0.207284347537634,0
ES009810,0.06585164523648712,0
ES001210,0.26773327369278893,0
ES001699,0.11894156204874495,0
ES002711,0.1579794259002915,0
ES002774,0.11039841975399692,0
ES004600,0.3285400556133223,0
ES008719,0.32946027037875714,0
ES009128,0.1001920928314805,0
ES000206,0.08559804538351645,0
ES000410,0.09911354103030767,0
ES002348,0.057770675185922334,0
ES002924,0.2911254646962925,0
ES003251,0.2434380722684468,0
ES004154,0.48129763662364833,0
ES006828,0.3237690089057079,0
ES007304,0.13764911556600143,0
ES007413,0.3455685238875578,0
ES000297,0.3783414741024328,0
ES002786,0.11318850450987585,0
ES005665,0.13508813352973653,0
ES009334,0.2606942782825064,0
ES000452,0.10862154908054818,0
ES003222,0.27187534403351415,0
ES003326,0.6568012537135268,1
ES003581,0.16751338297127685,0
ES005124,0.2280291371511924,0
ES005200,0.1990320121770716,0
ES006854,0.0670118337387151,0
ES006972,0.22515911731927024,0
ES007843,0.1033551694265401,0
ES008680,0.20121220487582855,0
ES002655,0.5984851752641953,1
ES002674,0.3682019204202634,0
ES003369,0.15930087855103411,0
ES003462,0.16465057860727422,0
ES003468,0.5614435655570077,1
ES003800,0.05619132515866346,0
ES004384,0.39408826884620085,0
ES005967,0.08012458841545879,0
ES006094,0.0988575613416493,0
ES006324,0.2246732838914054,0
ES007479,0.21033528476546806,0
ES008387,0.36309014987373345,0
ES008831,0.13841349750282597,0
ES009721,0.3427695581875943,0
ES009811,0.16329245135293516,0
ES000195,0.059586646050505614,0
ES002262,0.21753496574135398,0
ES004860,0.35063573941618004,0
ES006157,0.1587541078143663,0
ES006203,0.41104381102865484,0
ES007313,0.1361165365202825,0
ES007443,0.4614804765822713,0
ES007746,0.41640357074471446,0
ES008856,0.5014046030847357,1
ES009957,0.2884238571333504,0
ES002616,0.1243418079056412,0
ES004095,0.09764929053976389,0
ES004937,0.34712074691939243,0
ES008280,0.20520717381284426,0
ES008884,0.12194095399639183,0
ES002466,0.3730929520603807,0
ES004692,0.24341587393590935,0
ES005127,0.19396392794528766,0
ES005551,0.123160176900955,0
ES006542,0.3800189386547591,0
ES007155,0.05810379042517409,0
ES007289,0.11850371063212424,0
ES007442,0.17375363126722618,0
ES008069,0.32094773283587313,0
ES000727,0.31800419351999926,0
ES000908,0.08969849771931547,0
ES001783,0.18995744484954535,0
ES003620,0.11812692825797697,0
ES004086,0.13767863618891973,0
ES004707,0.34310947468326064,0
ES004806,0.29463032003601874,0
ES008923,0.22176507181318092,0
ES000215,0.2285979298817237,0
ES001532,0.1090316084068192,0
ES004151,0.27686611159026053,0
ES006986,0.16800008567205074,0
ES007828,0.048122752776258305,0
ES008229,0.1982820599846654,0
ES009179,0.2243064901986699,0
ES001034,0.15728628237271947,0
ES004057,0.4454265623053822,0
ES004194,0.05506725999073019,0
ES006188,0.24173929733667768,0
ES006864,0.1882570836227478,0
ES007038,0.3444027089304788,0
ES007347,0.4194598256141608,0
ES000209,0.32297480252321037,0
ES000322,0.17659544293222812,0
ES000959,0.14931880269385797,0
ES001234,0.22555659658451327,0
ES005324,0.4167763420409238,0
ES005698,0.054640675937618205,0
ES006953,0.2815536244356403,0
ES007185,0.2723434755936393,0
ES009837,0.14503599687861254,0
ES002527,0.2058902649509032,0
ES002757,0.12484596489806021,0
ES003950,0.09218907801087423,0
ES004545,0.2498492442672554,0
ES004633,0.3199046600100011,0
ES004932,0.13612389659703764,0
ES006348,0.15190087857327017,0
ES007561,0.0761247014264923,0
ES007684,0.33945539488738247,0
ES008041,0.033754796750843405,0
ES000011,0.288953665289845,0
ES000870,0.1581100664992033,0
ES001681,0.22608757474369506,0
ES001816,0.14070461639062903,0
ES002192,0.03742530946005397,0
ES004204,0.2219222307741812,0
ES004312,0.46523043565938954,0
ES005381,0.1279721661595825,0
ES006393,0.25937208110465876,0
ES007497,0.4430869871292509,0
ES008299,0.10863485362286476,0
ES002713,0.04128906382936645,0
ES000033,0.24284745996813617,0
ES000381,0.12231625158646875,0
ES001954,0.10164877208921659,0
ES002406,0.36125723500087775,0
ES004207,0.2278892622570985,0
ES004410,0.1092778870202788,0
ES007938,0.19987616626838683,0
ES000508,0.28689855831630434,0
ES000777,0.3717771103425324,0
ES001876,0.16787499113373758,0
ES003300,0.28157307394398773,0
ES003459,0.17543669438851714,0
ES005865,0.25272541767396534,0
ES008625,0.2062414557536945,0
ES000833,0.18769243952256295,0
ES001302,0.21121681700713965,0
ES001371,0.18493197685254587,0
ES001641,0.4556467538921998,0
ES002575,0.22945481352246117,0
ES003343,0.19305722894435756,0
ES004704,0.35281602849079513,0
ES005565,0.12412643113135816,0
ES007461,0.314150235938671,0
ES007937,0.08793167366957065,0
ES008893,0.4327010820139822,0
ES009690,0.09047267351680076,0
ES000312,0.37259492746637835,0
ES001227,0.30570441985475205,0
ES001566,0.3374895896448798,0
ES003804,0.409234172542541,0
ES005202,0.11661564354229792,0
ES006126,0.5580421139864572,1
ES007139,0.3877387244868467,0
ES007802,0.5007437408249227,1
ES008353,0.23102013948696334,0
ES009543,0.09362791185993523,0
ES001692,0.21120792709547073,0
ES002063,0.29707589841177856,0
ES002599,0.23485997982763204,0
ES004657,0.24546214017177792,0
ES005071,0.35631254859201095,0
ES005442,0.27736579338458894,0
ES006092,0.5340829765015572,1
ES007321,0.20263292208431308,0
ES008732,0.11403683975313433,0
ES008866,0.34370547868700013,0
ES009274,0.40315279338699933,0
ES009626,0.30257805187951026,0
ES000554,0.2739864019535267,0
ES001420,0.3270442451127189,0
ES003442,0.39465807008968007,0
ES007201,0.679766995768015,1
ES007331,0.48856531117662727,0
ES007418,0.24490284152470737,0
ES008904,0.21439111986237055,0
ES009424,0.08793790455121317,0
ES009976,0.1758387742736762,0
ES000029,0.05437523856951115,0
ES001720,0.2687599063490068,0
ES001770,0.06320572371533696,0
ES006296,0.07208250733496221,0
ES006323,0.42315691288169965,0
ES008598,0.1799568428521617,0
ES000284,0.2720844260782306,0
ES001191,0.41080861658747825,0
ES001522,0.4028490918548772,0
ES003339,0.43450418437818195,0
ES003670,0.07768812094060248,0
ES003978,0.30635067858963383,0
ES005365,0.21044865245381325,0
ES006398,0.08980698000742426,0
ES008180,0.18016296530567688,0
ES009958,0.111879131156972,0
ES001756,0.24239138298211174,0
ES003893,0.18234899609296984,0
ES004105,0.2651911980947712,0
ES005548,0.5913654780149264,1
ES007546,0.2227202431934886,0
ES001092,0.11778240276470468,0
ES001340,0.25501990717190137,0
ES001554,0.2272946337529293,0
ES003104,0.5525885956266151,1
ES007703,0.15034019820495462,0
ES008646,0.3303704628007159,0
ES000856,0.1509246480825748,0
ES002948,0.2834868202903945,0
ES003094,0.2562237285361986,0
ES004112,0.24172857367188616,0
ES004505,0.33762505631607054,0
ES008021,0.10597039259383709,0
ES008645,0.33876470361913513,0
ES009306,0.28324414289778455,0
ES009522,0.6278201976294525,1
ES001043,0.4061417030592944,0
ES002689,0.2754764790455087,0
ES004260,0.42663228654626845,0
ES005128,0.3265578469592539,0
ES005441,0.306718759740052,0
ES007583,0.18650466998071122,0
ES009503,0.09049971116578978,0
ES009554,0.189151177724588,0
ES001951,0.053952689244134384,0
ES002299,0.2345116982118563,0
ES002315,0.14564333307897734,0
ES007255,0.4538433192238739,0
ES008106,0.12579054583684088,0
ES008498,0.06415041385780358,0
ES000498,0.5143669643102557,1
ES001360,0.13914151427174098,0
ES001452,0.1294171742802642,0
ES001544,0.11632155173670336,0
ES001675,0.250430228345144,0
ES003256,0.13478867867277006,0
ES004493,0.14447279066065177,0
ES005776,0.14146968380666203,0
ES006892,0.3356614563217295,0
ES008926,0.12740468110659878,0
ES009399,0.20315636617140478,0
ES009964,0.7694059529412453,1
ES004139,0.09459477900540622,0
ES004174,0.539803158518568,1
ES008606,0.05632965190482439,0
ES009421,0.3001152718196926,0
ES000630,0.27631145340086694,0
ES002109,0.12280074295682317,0
ES002548,0.3954851851605438,0
ES003432,0.24504913617103902,0
ES005141,0.37006845448706494,0
ES005176,0.4100958409106098,0
ES008178,0.5474669456880503,1
ES001277,0.4607444681727395,0
ES002326,0.2370732893261671,0
ES002448,0.39694015815719846,0
ES003204,0.3946858776270788,0
ES003576,0.1428007622580074,0
ES004001,0.3638227234070928,0
ES004573,0.3456547792081536,0
ES007520,0.11635461362850417,0
ES007668,0.43717769124987893,0
ES007900,0.33397558366589314,0
ES009162,0.5256888910300034,1
ES001314,0.21696865714725833,0
ES004406,0.45444658805660637,0
ES004982,0.6000027136330582,1
ES005118,0.1986267492640968,0
ES005594,0.24688294523003657,0
ES005822,0.1543816634955721,0
ES006314,0.19963753129020972,0
ES007614,0.19487534360870848,0
ES008549,0.40163539244122703,0
ES000951,0.22362378633453972,0
ES001811,0.10364120545851437,0
ES001865,0.40912082513382486,0
ES003071,0.2533194169419414,0
ES004663,0.3401432084347418,0
ES006134,0.3461449398976051,0
ES007196,0.3633418318601899,0
ES007516,0.2789463641533868,0
ES007791,0.32941246792252205,0
ES000460,0.2013733555167035,0
ES000956,0.0804323707142928,0
ES001123,0.3011520511843889,0
ES002612,0.4468422332305761,0
ES004531,0.18941750518053735,0
ES005382,0.292285425197766,0
ES000294,0.08580628439518956,0
ES000545,0.20090895068914782,0
ES002050,0.3755991587831937,0
ES002728,0.23054312618144526,0
ES004944,0.12517275111156814,0
ES006388,0.06129396309690139,0
ES008527,0.45039146636252003,0
ES008891,0.26822743819272765,0
ES008976,0.08958412424533665,0
ES009748,0.25255500253246405,0
ES000633,0.14826932975134294,0
ES003242,0.24542409895817743,0
ES005941,0.20618108457007836,0
ES006821,0.23334558974738032,0
ES007233,0.30062383971852735,0
ES007473,0.2969494118106363,0
ES008469,0.09067874352919642,0
ES009955,0.2273296172729271,0
ES000013,0.33143844677753004,0
ES000517,0.14907514191612362,0
ES000595,0.10437901696729987,0
ES001265,0.041663552907555794,0
ES002399,0.09090469978995327,0
ES003750,0.4541469104331106,0
ES004088,0.2977995947291497,0
ES004333,0.4366076632017634,0
ES004711,0.23661619212143187,0
ES004809,0.327850970977378,0
ES005543,0.21535816431602098,0
ES005831,0.15074695608911717,0
ES000708,0.02891513385504468,0
ES001621,0.1385719387786842,0
ES001968,0.4656069988851282,0
ES002946,0.19760415685748514,0
ES003276,0.17385869901306167,0
ES003330,0.4227634776855314,0
ES004334,0.3449874725721424,0
ES004911,0.26741256035582045,0
ES006816,0.21864206781636025,0
ES008261,0.22956410150135917,0
ES008335,0.2049221328627095,0
ES008671,0.2044835659706517,0
ES009781,0.07111964266341754,0
ES009950,0.3397563929229386,0
ES000462,0.05932736416697669,0
ES002699,0.3196314069409254,0
ES003210,0.30349432819999306,0
ES004450,0.13060396482548306,0
ES005469,0.3917822938227887,0
ES005473,0.17633377136111306,0
ES006027,0.4070038519206354,0
ES007758,0.3261431880948174,0
ES007857,0.212418170069363,0
ES000301,0.6889590417003529,1
ES003360,0.2053513910278996,0
ES003869,0.37457438801205456,0
ES004113,0.11183133397145499,0
ES004501,0.11960136801500934,0
ES004717,0.27491130907725353,0
ES005744,0.11283644006167244,0
ES005811,0.46056172343507423,0
ES006425,0.11856781282832973,0
ES000678,0.0694178824221289,0
ES000819,0.09982437709130064,0
ES001108,0.5291914291133422,1
ES001276,0.13422137701826545,0
ES001490,0.1234295911744046,0
ES002889,0.20817210827748572,0
ES003115,0.12547639195434418,0
ES003291,0.1858102128899572,0
ES003554,0.42944714355877656,0
ES003813,0.3576655556416391,0
ES005928,0.308263524332745,0
ES006513,0.2901933890800674,0
ES006761,0.46252813371447815,0
ES007049,0.2758513450231569,0
ES008306,0.5425621722778533,1
ES008883,0.057779938118425515,0
ES000309,0.22994855416032275,0
ES001033,0.5303644706780257,1
ES001462,0.13153873302135502,0
ES002180,0.31522679051832725,0
ES004170,0.3060232494137046,0
ES005786,0.05808826654109923,0
ES007278,0.34899909428992715,0
ES007389,0.17896295060049866,0
ES007517,0.05982447250676031,0
ES007736,0.10498949613527192,0
ES007909,0.1977091510431057,0
ES009532,0.2840429772685357,0
ES000695,0.3241829055185168,0
ES005359,0.13294959443543866,0
ES005763,0.1662880520029691,0
ES006987,0.1056964850807521,0
ES007572,0.6168313355504497,1
ES008403,0.2667337769652107,0
ES008875,0.19482570149160044,0
ES000979,0.1045304313651139,0
ES001272,0.14896981442911988,0
ES002033,0.04666395622597653,0
ES002256,0.3610328415892978,0
ES003003,0.3857489332763676,0
ES003140,0.18861176347895983,0
ES004350,0.3960954199563615,0
ES007045,0.28402647218130855,0
ES009525,0.38879853328908015,0
ES000273,0.3603487102289667,0
ES000342,0.2609481295398314,0
ES000848,0.25787488467750597,0
ES001254,0.19061955512876924,0
ES001396,0.2805486014175386,0
ES004904,0.10217095187287506,0
ES005638,0.06641371072084996,0
ES007427,0.15027110689761417,0
ES008960,0.3472402552947743,0
ES009319,0.197506837500069,0
ES009451,0.31272398420242425,0
ES001561,0.19000353347937143,0
ES002175,0.39370085082853046,0
ES003286,0.4034883042093131,0
ES003655,0.3327954849608868,0
ES005580,0.13638544229162086,0
